-- seed.sql -- payout_method from payroll sheet's Wise/BPI 'Through' column.
-- GCash/PayMaya/PayPal retained as informational backup fields only.
insert into companies (id, name, status, hubstaff_org_id) values
  ('11111111-1111-1111-1111-111111111111','Ability Builders','active', null),
  ('22222222-2222-2222-2222-222222222222','Nightingale Process Management','active', null);

insert into workers (id, first_name, last_name, status, gcash, paymaya, paypal, hire_date, payout_method, health_allowance_eligible, thirteenth_month_eligible) values
  ('a0000000-0000-0000-0000-000000000001','Abbie Lyzette','Sol','active','09173208428','NA','NA',null,'wise',true,true),
  ('a0000000-0000-0000-0000-000000000002','Althea','Dianalan','active',null,null,null,null,'wise',true,true),
  ('a0000000-0000-0000-0000-000000000003','Amiel Christian','Garra','active','09171429259','09171429259',null,null,'wise',true,true),
  ('a0000000-0000-0000-0000-000000000004','Angelica','Conejos','active',null,null,null,'2024-07-16','wise',true,true),
  ('a0000000-0000-0000-0000-000000000005','Angelika','Alo','active',null,null,null,null,'bpi',true,true),
  ('a0000000-0000-0000-0000-000000000006','Barrie','Deonaldo','active',null,null,null,'2024-09-03','bpi',true,true),
  ('a0000000-0000-0000-0000-000000000007','Beverly','Catalino','active',null,null,null,'2024-03-04','wise',true,true),
  ('a0000000-0000-0000-0000-000000000008','Cecilia','Velante','active',null,null,null,'2024-10-01','wise',true,true),
  ('a0000000-0000-0000-0000-000000000009','Engelbert','Prim','active',null,'9178478229.0','NA','2018-03-01','bpi',true,true),
  ('a0000000-0000-0000-0000-000000000010','Ferdinand','Mabanta','active',null,null,null,'2021-10-12','wise',true,true),
  ('a0000000-0000-0000-0000-000000000011','Jomer','Pangilinan','active',null,null,null,null,'wise',true,true),
  ('a0000000-0000-0000-0000-000000000012','Giovanni','German','active','09190715235','09190715235','giovannigerman@outlook.com','2020-04-15','wise',true,true),
  ('a0000000-0000-0000-0000-000000000013','Ivy','Gino','active',null,null,null,null,'bpi',true,true),
  ('a0000000-0000-0000-0000-000000000014','Jam Nicole','Dela Cruz','active',null,null,null,'2024-04-16','wise',true,true),
  ('a0000000-0000-0000-0000-000000000015','Janice','Quiros','active','09064530260',null,null,'2019-07-09','wise',true,true),
  ('a0000000-0000-0000-0000-000000000016','John Paul','Alvaro','active',null,null,null,null,'wise',true,true),
  ('a0000000-0000-0000-0000-000000000017','John Rafael','Mistica','active',null,null,null,'2022-05-23','wise',true,true),
  ('a0000000-0000-0000-0000-000000000018','Jomer','Pangilinan','active',null,null,null,null,'wise',true,true),
  ('a0000000-0000-0000-0000-000000000019','Justina','Lalosa','active',null,null,null,null,'wise',true,true),
  ('a0000000-0000-0000-0000-000000000020','Karlos Daniel','Sagun','active','9369680641.0',null,null,'2021-03-01','wise',true,true),
  ('a0000000-0000-0000-0000-000000000021','Kristine','Mascardo','active',null,null,null,'2024-01-16','wise',true,true),
  ('a0000000-0000-0000-0000-000000000022','Leslie Mae Ann','Calandria','active','N/A','09084156242',null,'2020-07-20','bpi',true,true),
  ('a0000000-0000-0000-0000-000000000023','Loren','Zagado','active',null,null,null,'2022-09-27','wise',true,true),
  ('a0000000-0000-0000-0000-000000000024','Manuella Brtanny','Gamboa','active',null,null,null,'2024-11-18','wise',true,true),
  ('a0000000-0000-0000-0000-000000000025','Ma.','Marcelo','active',null,null,null,null,'wise',true,true),
  ('a0000000-0000-0000-0000-000000000026','Maria Anna  Theresa','Rillera','active',null,null,null,'2023-12-26','wise',true,true),
  ('a0000000-0000-0000-0000-000000000027','Melissa','Santos','active',null,null,null,'2023-03-08','wise',true,true),
  ('a0000000-0000-0000-0000-000000000028','Mery Angelyn','Dunan','active','09175117334',null,null,'2020-03-09','wise',true,true),
  ('a0000000-0000-0000-0000-000000000029','Genel','Montero','active',null,null,null,'2022-08-12','wise',true,true),
  ('a0000000-0000-0000-0000-000000000030','Nicole','Magada','active',null,null,null,'2024-09-16','wise',true,true),
  ('a0000000-0000-0000-0000-000000000031','Ramon','Vizmonte','active',null,null,null,null,'wise',true,true),
  ('a0000000-0000-0000-0000-000000000032','Stephanie','Gatchalian','active',null,null,null,null,'wise',true,true),
  ('a0000000-0000-0000-0000-000000000033','Valerie Quenesen','Bantilan','active',null,null,null,'2021-01-25','wise',true,true);

insert into worker_companies (worker_id, company_id, role, contract, hubstaff_name, status) values
  ('a0000000-0000-0000-0000-000000000001','11111111-1111-1111-1111-111111111111',null,'FT','Abbie Lyzette Sol','active'),
  ('a0000000-0000-0000-0000-000000000002','11111111-1111-1111-1111-111111111111',null,'FT','Althea Dianalan','active'),
  ('a0000000-0000-0000-0000-000000000003','11111111-1111-1111-1111-111111111111',null,'FT','Amiel Christian Garra','active'),
  ('a0000000-0000-0000-0000-000000000004','11111111-1111-1111-1111-111111111111',null,'FT','Angelica Conejos','active'),
  ('a0000000-0000-0000-0000-000000000005','11111111-1111-1111-1111-111111111111',null,'FT','Angelika Faith Alo','active'),
  ('a0000000-0000-0000-0000-000000000006','11111111-1111-1111-1111-111111111111',null,'FT','Barrie Lee Deonaldo','active'),
  ('a0000000-0000-0000-0000-000000000007','11111111-1111-1111-1111-111111111111',null,'FT','Beverly Catalino','active'),
  ('a0000000-0000-0000-0000-000000000008','11111111-1111-1111-1111-111111111111',null,'FT','Cecilia Velante','active'),
  ('a0000000-0000-0000-0000-000000000009','11111111-1111-1111-1111-111111111111',null,'FT','Engelbert Prim','active'),
  ('a0000000-0000-0000-0000-000000000010','11111111-1111-1111-1111-111111111111',null,'FT','Ferdinand P. Mabanta Jr.','active'),
  ('a0000000-0000-0000-0000-000000000011','11111111-1111-1111-1111-111111111111',null,'FT','Francine Therese Pangilinan','active'),
  ('a0000000-0000-0000-0000-000000000012','11111111-1111-1111-1111-111111111111',null,'FT','Giovanni German','active'),
  ('a0000000-0000-0000-0000-000000000013','11111111-1111-1111-1111-111111111111',null,'FT','Ivy Gino','active'),
  ('a0000000-0000-0000-0000-000000000014','11111111-1111-1111-1111-111111111111',null,'FT','Jam Nicole Dela Cruz','active'),
  ('a0000000-0000-0000-0000-000000000015','11111111-1111-1111-1111-111111111111',null,'FT','Janice Quiros','active'),
  ('a0000000-0000-0000-0000-000000000016','11111111-1111-1111-1111-111111111111',null,'FT','John Paul Alvaro','active'),
  ('a0000000-0000-0000-0000-000000000017','11111111-1111-1111-1111-111111111111',null,'FT','John Rafael Mistica','active'),
  ('a0000000-0000-0000-0000-000000000018','11111111-1111-1111-1111-111111111111',null,'FT','Jomer Pangilinan','active'),
  ('a0000000-0000-0000-0000-000000000019','11111111-1111-1111-1111-111111111111',null,'FT','Justina Mae Lalosa','active'),
  ('a0000000-0000-0000-0000-000000000020','11111111-1111-1111-1111-111111111111',null,'FT','Karlos Daniel Sagun','active'),
  ('a0000000-0000-0000-0000-000000000021','11111111-1111-1111-1111-111111111111',null,'FT','Kristine Mascardo','active'),
  ('a0000000-0000-0000-0000-000000000022','11111111-1111-1111-1111-111111111111',null,'FT','Leslie Mae Ann Calandria','active'),
  ('a0000000-0000-0000-0000-000000000023','11111111-1111-1111-1111-111111111111',null,'FT','Loren Zagado','active'),
  ('a0000000-0000-0000-0000-000000000024','11111111-1111-1111-1111-111111111111',null,'FT','Manuella Brtanny Gamboa','active'),
  ('a0000000-0000-0000-0000-000000000025','11111111-1111-1111-1111-111111111111',null,'FT','Ma. Luisa Marcelo','active'),
  ('a0000000-0000-0000-0000-000000000026','11111111-1111-1111-1111-111111111111',null,'FT','Ma. Anna Theresa Rillera','active'),
  ('a0000000-0000-0000-0000-000000000027','11111111-1111-1111-1111-111111111111',null,'FT','Melissa Victoria Santos','active'),
  ('a0000000-0000-0000-0000-000000000028','11111111-1111-1111-1111-111111111111',null,'FT','Mery Angelyn Calpa Dunan','active'),
  ('a0000000-0000-0000-0000-000000000029','11111111-1111-1111-1111-111111111111',null,'FT','Montero Genel N.','active'),
  ('a0000000-0000-0000-0000-000000000030','11111111-1111-1111-1111-111111111111',null,'FT','Nicole Magada','active'),
  ('a0000000-0000-0000-0000-000000000031','11111111-1111-1111-1111-111111111111',null,'FT','Ramon Vizmonte','active'),
  ('a0000000-0000-0000-0000-000000000032','11111111-1111-1111-1111-111111111111',null,'FT','Stephanie Joy Gatchalian','active'),
  ('a0000000-0000-0000-0000-000000000033','11111111-1111-1111-1111-111111111111',null,'FT','Valerie Quenesen Bantilan','active');

insert into rates (worker_id, company_id, amount_php, period_basis, effective_start) values
  ('a0000000-0000-0000-0000-000000000002','11111111-1111-1111-1111-111111111111',11935.125,'semi_monthly','2026-01-01'),
  ('a0000000-0000-0000-0000-000000000005','11111111-1111-1111-1111-111111111111',10000.0,'semi_monthly','2026-01-01'),
  ('a0000000-0000-0000-0000-000000000006','11111111-1111-1111-1111-111111111111',10000.0,'semi_monthly','2026-01-01'),
  ('a0000000-0000-0000-0000-000000000007','11111111-1111-1111-1111-111111111111',25000.0,'semi_monthly','2026-01-01'),
  ('a0000000-0000-0000-0000-000000000008','11111111-1111-1111-1111-111111111111',11000.0,'semi_monthly','2026-01-01'),
  ('a0000000-0000-0000-0000-000000000009','11111111-1111-1111-1111-111111111111',25000.0,'semi_monthly','2026-01-01'),
  ('a0000000-0000-0000-0000-000000000010','11111111-1111-1111-1111-111111111111',12500.0,'semi_monthly','2026-01-01'),
  ('a0000000-0000-0000-0000-000000000011','11111111-1111-1111-1111-111111111111',10000.0,'semi_monthly','2026-01-01'),
  ('a0000000-0000-0000-0000-000000000012','11111111-1111-1111-1111-111111111111',18207.0,'semi_monthly','2026-01-01'),
  ('a0000000-0000-0000-0000-000000000013','11111111-1111-1111-1111-111111111111',5000.0,'semi_monthly','2026-01-01'),
  ('a0000000-0000-0000-0000-000000000019','11111111-1111-1111-1111-111111111111',15000.0,'semi_monthly','2026-01-01'),
  ('a0000000-0000-0000-0000-000000000022','11111111-1111-1111-1111-111111111111',6250.0,'semi_monthly','2026-01-01'),
  ('a0000000-0000-0000-0000-000000000023','11111111-1111-1111-1111-111111111111',10000.0,'semi_monthly','2026-01-01'),
  ('a0000000-0000-0000-0000-000000000025','11111111-1111-1111-1111-111111111111',10000.0,'semi_monthly','2026-01-01'),
  ('a0000000-0000-0000-0000-000000000026','11111111-1111-1111-1111-111111111111',38300.0,'semi_monthly','2026-01-01'),
  ('a0000000-0000-0000-0000-000000000027','11111111-1111-1111-1111-111111111111',10609.0,'semi_monthly','2026-01-01'),
  ('a0000000-0000-0000-0000-000000000028','11111111-1111-1111-1111-111111111111',31290.0,'semi_monthly','2026-01-01'),
  ('a0000000-0000-0000-0000-000000000029','11111111-1111-1111-1111-111111111111',8000.0,'semi_monthly','2026-01-01'),
  ('a0000000-0000-0000-0000-000000000032','11111111-1111-1111-1111-111111111111',10000.0,'semi_monthly','2026-01-01');